Face,X,Y,Width,Height
1,668,346,298,298
2,721,1134,28,28
1,668,351,293,293
2,718,1133,26,26
1,717,1133,26,26
1,597,190,364,364
2,666,350,288,288
3,714,1131,27,27
1,599,172,388,388
2,713,1131,26,26
1,594,182,373,373
2,712,1130,28,28
1,592,176,380,380
2,710,1129,27,27
1,582,167,397,397
2,709,1128,27,27
1,592,178,373,373
2,708,1128,26,26
1,590,175,380,380
2,705,1127,28,28
1,705,1126,27,27
2,365,1284,47,47
1,592,191,364,364
2,704,1125,27,27
1,702,1125,26,26
1,700,1124,28,28
2,361,1298,53,53
1,699,1123,28,28
1,698,1123,28,28
1,656,331,318,318
2,697,1123,27,27
1,652,339,314,314
2,696,1123,27,27
1,659,346,293,293
2,167,1085,28,28
3,694,1123,27,27
1,649,340,306,306
2,693,1123,27,27
3,908,1126,26,26
1,652,343,297,297
2,570,170,380,380
3,690,1122,28,28
1,650,340,301,301
2,160,1083,28,28
3,903,1123,28,28
1,639,337,311,311
2,688,1123,27,27
3,901,1123,28,28
1,640,337,306,306
2,899,1123,26,26
3,687,1123,26,26
4,812,765,116,116
1,639,333,310,310
2,896,1122,26,26
3,685,1123,27,27
1,634,315,331,331
2,895,1121,26,26
3,684,1124,27,27
1,683,1124,26,26
1,147,1078,30,30
2,681,1124,27,27
1,680,1124,27,27
1,664,355,272,272
2,677,1122,28,28
1,661,352,274,274
2,677,1124,26,26
3,574,1087,35,35
1,657,353,272,272
2,572,1085,37,37
3,880,1116,28,28
4,675,1123,27,27
1,661,359,266,266
2,674,1123,26,26
3,878,1114,28,28
4,571,1084,38,38
1,566,150,402,402
2,672,1122,29,29
3,331,994,66,66
4,570,1084,36,36
1,574,164,380,380
2,671,1122,27,27
3,569,1084,35,35
1,561,147,402,402
2,132,1080,30,30
3,669,1121,27,27
4,565,1080,42,42
1,668,1121,26,26
2,564,1081,41,41
1,666,1119,28,28
2,564,1081,39,39
1,664,1118,28,28
2,863,1110,28,28
3,562,1081,41,41
1,664,1118,26,26
2,561,1081,40,40
1,559,1079,43,43
2,661,1115,29,29
1,567,150,402,402
2,818,802,69,69
3,857,1110,26,26
4,661,1115,27,27
5,556,1078,46,46
1,658,1114,27,27
2,555,1078,45,45
3,814,793,79,79
1,554,1078,44,44
2,658,1113,28,28
1,656,1111,28,28
2,553,1078,44,44
1,652,337,293,293
2,848,1108,26,26
3,655,1111,27,27
4,550,1077,48,48
1,640,326,306,306
2,653,1111,28,28
3,550,1078,46,46
4,109,1068,33,33
1,630,327,306,306
2,652,1109,28,28
3,550,1078,45,45
1,638,325,304,304
2,650,1109,28,28
3,548,1078,46,46
1,641,331,296,296
2,648,1108,27,27
3,105,1064,33,33
4,547,1077,47,47
1,637,327,298,298
2,647,1107,27,27
3,546,1078,46,46
1,625,324,302,302
2,646,1107,27,27
3,102,1062,33,33
4,545,1077,48,48
1,633,327,299,299
2,644,1106,28,28
3,543,1075,49,49
1,558,156,373,373
2,635,323,301,301
3,642,1105,28,28
4,544,1075,48,48
1,634,331,293,293
2,542,1074,48,48
3,830,1103,28,28
4,640,1105,28,28
5,409,1082,45,45
1,550,152,380,380
2,639,1104,27,27
3,542,1073,47,47
1,638,1105,27,27
2,541,1072,49,49
1,550,152,380,380
2,824,1101,27,27
3,541,1071,45,45
1,539,1069,48,48
2,634,1103,28,28
1,537,1067,48,48
2,632,1103,28,28
1,818,1099,28,28
2,630,1103,28,28
3,539,1066,46,46
1,565,164,359,359
2,817,1098,26,26
3,628,1102,28,28
1,652,332,277,277
2,540,152,380,380
3,814,1097,28,28
4,626,1103,28,28
1,646,333,277,277
2,813,1097,28,28
3,624,1104,26,26
1,640,335,277,277
2,622,1104,27,27
1,620,1104,28,28
1,633,327,293,293
2,532,1064,48,48
1,631,327,293,293
2,807,1094,28,28
3,617,1104,28,28
4,530,1061,50,50
1,527,1061,49,49
1,555,158,364,364
2,526,1061,48,48
1,524,1060,49,49
2,372,1065,48,48
1,522,1059,49,49
2,370,1065,49,49
1,633,328,284,284
2,801,1093,27,27
3,520,1057,51,51
1,622,322,300,300
2,800,1092,29,29
3,518,1058,50,50
4,363,1062,51,51
1,638,339,268,268
2,602,1103,28,28
3,516,1057,50,50
4,360,1063,50,50
1,514,1057,51,51
2,358,1062,49,49
1,640,344,255,255
2,512,1057,51,51
3,355,1061,50,50
1,624,319,293,293
2,353,1060,50,50
3,510,1058,50,50
4,595,1099,29,29
1,624,318,293,293
2,349,1060,50,50
3,507,1057,51,51
1,613,304,322,322
2,796,1092,28,28
3,591,1097,29,29
4,505,1058,51,51
5,347,1060,50,50
1,551,132,397,397
2,611,296,331,331
3,589,1097,27,27
4,503,1058,50,50
5,343,1060,50,50
1,566,142,373,373
2,625,312,306,306
3,794,1091,28,28
4,586,1096,29,29
5,61,1047,35,35
6,501,1058,51,51
7,340,1061,50,50
1,571,156,356,356
2,616,302,316,316
3,794,1092,27,27
4,585,1095,29,29
5,58,1046,35,35
6,499,1059,50,50
7,338,1061,49,49
1,610,300,323,323
2,568,151,364,364
3,56,1046,37,37
4,496,1058,51,51
5,335,1062,49,49
1,617,304,310,310
2,793,1090,28,28
3,581,1093,28,28
4,494,1059,50,50
5,332,1063,49,49
1,610,293,322,322
2,792,1091,27,27
3,53,1047,33,33
4,492,1059,50,50
5,328,1063,49,49
1,610,292,320,320
2,490,1060,49,49
3,324,1063,48,48
4,791,1089,28,28
5,578,1091,28,28
1,578,1090,27,27
2,487,1059,51,51
3,322,1063,49,49
4,305,970,69,69
1,636,324,274,274
2,790,1089,26,26
3,575,1089,29,29
4,484,1059,51,51
5,318,1063,48,48
1,635,324,276,276
2,789,1088,28,28
3,575,1090,28,28
4,480,1058,51,51
5,315,1063,50,50
1,633,324,277,277
2,788,1086,31,31
3,478,1057,50,50
4,312,1063,50,50
1,629,318,284,284
2,788,1086,26,26
3,476,1056,51,51
4,307,1063,51,51
1,631,324,277,277
2,570,1087,29,29
3,474,1054,51,51
4,303,1062,50,50
1,620,310,302,302
2,34,1050,34,34
3,569,1087,28,28
4,471,1053,51,51
5,300,1062,51,51
1,539,135,388,388
2,625,321,284,284
3,787,1084,28,28
4,567,1085,30,30
5,468,1052,51,51
6,296,1061,50,50
1,624,329,268,268
2,786,1084,28,28
3,564,1083,32,32
4,465,1050,51,51
5,293,1060,51,51
1,543,139,380,380
2,564,1084,30,30
3,463,1049,50,50
4,290,1059,51,51
1,538,147,371,371
2,784,1084,27,27
3,562,1084,30,30
4,460,1047,51,51
5,287,1058,51,51
1,536,139,380,380
2,784,1084,26,26
3,561,1084,30,30
4,458,1046,51,51
5,283,1056,51,51
1,539,148,364,364
2,646,332,255,255
3,782,1082,29,29
4,560,1084,28,28
5,456,1045,51,51
6,281,1055,51,51
1,637,329,263,263
2,782,1081,28,28
3,454,1044,50,50
4,278,1053,51,51
1,641,332,255,255
2,452,1043,50,50
3,276,1052,50,50
1,637,333,255,255
2,450,1041,51,51
3,272,1050,51,51
1,631,332,255,255
2,448,1041,51,51
3,269,1049,51,51
1,632,332,255,255
2,778,1079,28,28
3,447,1040,50,50
4,267,1047,52,52
1,445,1039,51,51
2,266,1047,51,51
1,443,1039,51,51
2,263,1044,52,52
1,776,1078,27,27
2,443,1038,50,50
3,261,1045,51,51
1,775,1079,26,26
2,441,1038,51,51
3,259,1044,51,51
1,774,1078,28,28
2,440,1038,51,51
3,256,1043,53,53
1,439,1037,52,52
2,255,1043,51,51
1,771,1078,28,28
2,438,1037,50,50
3,254,1042,51,51
1,437,1037,51,51
2,251,1041,52,52
1,536,100,414,414
2,437,1037,51,51
3,249,1041,51,51
1,544,108,402,402
2,540,1084,29,29
3,435,1037,52,52
4,247,1042,52,52
1,553,119,386,386
2,434,1037,51,51
3,246,1042,52,52
1,571,138,356,356
2,434,1038,52,52
3,244,1043,51,51
1,564,131,364,364
2,604,274,331,331
3,433,1038,52,52
4,242,1043,51,51
1,561,121,380,380
2,432,1038,51,51
3,240,1043,51,51
1,553,117,388,388
2,432,1039,52,52
3,239,1043,52,52
1,568,121,380,380
2,532,1079,32,32
3,431,1039,51,51
4,236,1045,52,52
1,532,1079,28,28
2,428,1038,55,55
3,235,1045,51,51
1,531,1078,29,29
2,430,1040,51,51
3,232,1044,53,53
4,162,1233,50,50
1,563,129,368,368
2,528,1076,33,33
3,428,1039,53,53
4,232,1046,51,51
5,161,1232,51,51
1,726,1064,26,26
2,426,1039,54,54
3,230,1046,52,52
4,160,1231,52,52
1,526,1075,32,32
2,427,1039,53,53
3,229,1047,50,50
4,160,1231,51,51
1,634,327,255,255
2,524,1074,33,33
3,427,1040,51,51
4,227,1046,52,52
5,159,1231,52,52
1,522,1072,34,34
2,427,1039,52,52
3,226,1047,50,50
4,156,1231,54,54
1,636,324,255,255
2,426,1037,53,53
3,224,1047,50,50
4,155,1230,54,54
1,424,1036,54,54
2,222,1046,52,52
3,154,1231,53,53
1,424,1035,54,54
2,222,1046,50,50
3,153,1231,53,53
1,519,1072,30,30
2,424,1033,55,55
3,219,1047,50,50
4,154,1229,53,53
1,424,1034,52,52
2,217,1045,51,51
3,153,1230,53,53
1,516,1071,30,30
2,421,1030,55,55
3,215,1044,51,51
4,152,1229,54,54
1,514,1071,30,30
2,422,1030,55,55
3,212,1043,52,52
4,153,1229,52,52
1,625,313,268,268
2,513,1071,29,29
3,211,1043,51,51
4,421,1029,56,56
5,151,1229,52,52
1,511,1071,31,31
2,420,1028,54,54
3,209,1042,51,51
4,149,1229,53,53
1,552,131,364,364
2,421,1029,53,53
3,207,1041,51,51
4,147,1229,54,54
1,540,131,364,364
2,508,1070,34,34
3,205,1040,51,51
4,420,1028,53,53
5,146,1228,52,52
1,546,136,359,359
2,420,1028,51,51
3,203,1039,50,50
4,144,1229,52,52
1,549,134,364,364
2,202,1038,50,50
3,417,1027,53,53
4,143,1229,51,51
1,553,123,380,380
2,199,1039,49,49
3,416,1026,54,54
1,546,127,373,373
2,197,1038,49,49
3,415,1024,54,54
1,546,127,373,373
2,414,1024,55,55
3,194,1037,50,50
1,412,1023,58,58
2,192,1037,51,51
1,190,1036,51,51
2,411,1023,57,57
1,410,1022,57,57
2,188,1036,50,50
1,408,1021,58,58
2,184,1036,51,51
1,407,1022,58,58
2,182,1036,51,51
1,406,1021,58,58
2,180,1037,50,50
1,178,1037,51,51
2,404,1022,58,58
1,403,1022,58,58
2,175,1038,48,48
1,172,1037,50,50
2,402,1022,58,58
1,170,1039,48,48
2,400,1022,59,59
1,166,1039,48,48
2,399,1023,58,58
1,792,756,76,76
2,398,1023,59,59
3,162,1038,52,52
1,792,757,75,75
2,397,1024,59,59
3,159,1038,52,52
1,793,756,78,78
2,157,1038,52,52
3,396,1024,59,59
1,478,1070,30,30
2,154,1039,50,50
3,395,1025,59,59
1,152,1039,49,49
2,474,1068,34,34
3,393,1025,60,60
1,547,252,414,414
2,148,1039,51,51
3,303,953,62,62
4,392,1025,60,60
1,571,266,369,369
2,145,1038,51,51
3,391,1026,59,59
1,602,290,310,310
2,390,1025,60,60
3,472,1067,33,33
4,142,1039,50,50
1,470,1066,34,34
2,138,1036,52,52
3,389,1025,60,60
1,619,298,280,280
2,135,1036,50,50
3,469,1065,34,34
4,388,1025,60,60
1,469,1064,34,34
2,132,1035,52,52
3,386,1024,60,60
1,621,298,284,284
2,467,1064,34,34
3,385,1023,59,59
4,128,1033,53,53
1,623,298,280,280
2,467,1064,31,31
3,125,1034,50,50
4,385,1022,59,59
1,524,92,414,414
2,617,296,287,287
3,465,1062,35,35
4,122,1032,52,52
5,383,1020,59,59
1,531,111,386,386
2,620,295,285,285
3,464,1063,34,34
4,119,1032,51,51
5,381,1018,60,60
1,618,296,287,287
2,530,113,380,380
3,463,1062,35,35
4,379,1016,60,60
5,117,1029,52,52
1,620,298,282,282
2,532,109,385,385
3,113,1028,52,52
4,377,1015,61,61
1,530,103,390,390
2,611,298,285,285
3,112,1028,50,50
4,377,1014,60,60
1,530,103,390,390
2,613,297,285,285
3,792,755,75,75
4,107,1026,52,52
5,377,1013,60,60
1,530,102,390,390
2,614,297,284,284
3,790,754,76,76
4,377,1012,59,59
5,104,1025,53,53
1,615,294,288,288
2,530,102,390,390
3,103,1024,52,52
4,375,1012,60,60
1,534,107,385,385
2,620,297,282,282
3,100,1024,52,52
4,376,1011,60,60
1,621,296,282,282
2,525,106,389,389
3,95,1021,54,54
4,376,1010,60,60
1,617,295,284,284
2,513,99,400,400
3,93,1021,53,53
4,376,1009,61,61
1,527,111,380,380
2,613,294,293,293
3,91,1020,53,53
4,376,1010,60,60
1,622,302,276,276
2,524,105,390,390
3,88,1018,55,55
4,376,1009,60,60
1,527,105,393,393
2,618,297,283,283
3,88,1021,51,51
4,376,1009,61,61
1,618,297,283,283
2,516,98,405,405
3,85,1020,53,53
4,377,1008,61,61
1,623,300,276,276
2,81,1018,56,56
3,378,1008,61,61
1,622,296,280,280
2,80,1020,53,53
3,378,1008,60,60
1,623,300,278,278
2,380,1010,59,59
3,77,1019,55,55
1,617,295,284,284
2,77,1021,52,52
3,380,1009,60,60
1,627,299,274,274
2,381,1010,60,60
3,71,1018,57,57
1,620,296,280,280
2,382,1011,60,60
3,72,1020,53,53
1,626,304,266,266
2,70,1021,53,53
3,382,1011,61,61
1,624,302,268,268
2,68,1023,52,52
3,383,1011,62,62
1,626,302,268,268
2,66,1024,52,52
3,384,1013,61,61
1,385,1012,61,61
2,63,1022,56,56
1,385,1013,62,62
2,61,1024,53,53
1,57,1023,56,56
2,387,1015,61,61
1,55,1022,58,58
2,387,1015,61,61
1,343,1043,28,28
2,52,1021,59,59
3,388,1016,62,62
1,51,1022,59,59
2,389,1017,62,62
1,615,293,280,280
2,339,1041,32,32
3,50,1021,60,60
4,389,1017,62,62
1,613,289,284,284
2,48,1021,58,58
3,390,1017,62,62
1,602,278,302,302
2,390,1015,63,63
3,45,1020,60,60
1,614,284,289,289
2,338,1043,28,28
3,44,1020,58,58
4,391,1015,62,62
1,611,284,293,293
2,391,1014,64,64
3,40,1018,62,62
1,611,278,302,302
2,38,1017,61,61
3,335,1043,29,29
4,391,1012,64,64
1,614,280,298,298
2,557,1024,55,55
3,393,1013,60,60
4,36,1017,60,60
1,606,274,312,312
2,393,1012,60,60
3,35,1017,60,60
1,611,276,302,302
2,33,1016,60,60
3,393,1010,62,62
4,555,1022,58,58
1,544,114,373,373
2,609,278,302,302
3,32,1015,60,60
4,392,1008,63,63
1,543,116,364,364
2,604,273,309,309
3,393,1008,62,62
4,29,1014,61,61
1,537,107,380,380
2,604,273,309,309
3,394,1009,60,60
4,27,1015,59,59
1,539,117,367,367
2,24,1013,60,60
3,395,1007,61,61
1,538,118,367,367
2,395,1007,61,61
3,21,1014,58,58
1,534,111,380,380
2,18,1012,60,60
3,393,1005,63,63
1,528,105,386,386
2,394,1005,62,62
3,14,1011,62,62
1,540,107,380,380
2,393,1004,62,62
3,12,1010,61,61
1,538,107,380,380
2,392,1003,62,62
3,8,1010,62,62
1,391,1002,63,63
2,7,1011,59,59
1,538,107,380,380
2,4,1013,56,56
3,391,1002,64,64
1,530,97,397,397
2,391,1002,62,62
3,2,1015,53,53
1,530,97,397,397
2,390,1001,64,64
1,530,97,397,397
2,389,999,65,65
1,530,100,386,386
2,388,1000,66,66
1,523,92,397,397
2,387,1000,65,65
1,528,96,386,386
2,387,1000,65,65
3,258,1239,51,51
1,530,100,386,386
2,386,1001,66,66
1,522,85,414,414
2,385,1000,68,68
1,524,101,385,385
2,385,1003,65,65
1,526,104,376,376
2,384,1005,63,63
1,523,97,385,385
2,383,1004,66,66
1,528,101,373,373
2,383,1005,66,66
1,530,100,380,380
2,380,1005,68,68
1,532,102,380,380
2,380,1005,67,67
1,534,114,364,364
2,379,1005,69,69
3,842,1674,118,118
1,540,103,380,380
2,379,1008,65,65
3,578,1420,53,53
1,376,1007,67,67
1,23,1014,28,28
2,376,1007,65,65
1,21,1014,28,28
2,375,1008,64,64
1,372,1006,67,67
1,18,1016,26,26
2,370,1005,68,68
1,15,1014,27,27
2,368,1003,71,71
1,367,1002,68,68
1,12,1013,29,29
2,365,999,69,69
1,363,997,71,71
1,7,1011,28,28
2,361,995,71,71
1,360,994,71,71
1,356,993,72,72
1,3,1010,28,28
2,358,993,69,69
1,355,991,70,70
1,353,988,72,72
1,352,988,71,71
1,351,989,70,70
1,349,988,71,71
1,629,302,255,255
2,347,986,74,74
1,631,299,255,255
2,347,985,73,73
1,618,291,272,272
2,345,983,76,76
1,616,289,274,274
2,343,983,76,76
1,606,285,282,282
2,777,743,75,75
3,343,984,74,74
1,603,286,284,284
2,778,743,76,76
3,569,1033,46,46
4,342,984,73,73
1,594,278,293,293
2,341,983,72,72
1,599,283,288,288
2,339,983,73,73
1,592,283,293,293
2,562,1033,49,49
3,339,982,72,72
1,589,267,323,323
2,338,983,71,71
1,588,258,337,337
2,558,1033,51,51
3,336,983,71,71
1,508,95,397,397
2,601,262,312,312
3,337,982,72,72
1,606,268,302,302
2,556,1036,48,48
3,334,981,74,74
1,606,274,293,293
2,553,1035,50,50
3,334,984,69,69
1,568,254,355,355
2,551,1036,51,51
3,330,982,75,75
1,560,249,365,365
2,550,1037,49,49
3,330,983,74,74
1,515,104,373,373
2,575,260,338,338
3,545,1035,55,55
4,328,981,76,76
1,499,95,397,397
2,594,264,312,312
3,544,1036,53,53
4,328,983,75,75
1,506,94,393,393
2,546,245,371,371
3,543,1037,52,52
4,323,980,82,82
1,506,95,390,390
2,551,245,375,375
3,771,737,78,78
4,242,1028,34,34
5,539,1037,51,51
6,327,981,76,76
1,521,105,372,372
2,543,245,376,376
3,538,1037,51,51
4,324,981,78,78
1,518,101,375,375
2,572,239,370,370
3,535,1037,51,51
4,324,980,78,78
1,516,96,380,380
2,534,235,395,395
3,236,1027,36,36
4,532,1037,51,51
5,321,981,78,78
1,557,241,368,368
2,528,1035,53,53
3,321,981,76,76
1,556,237,391,391
2,526,1033,53,53
3,320,978,78,78
1,526,1035,48,48
2,318,979,77,77
1,504,75,414,414
2,522,1032,52,52
3,317,976,78,78
1,493,63,430,430
2,230,1024,35,35
3,519,1031,50,50
1,317,976,71,71
2,516,1030,52,52
1,766,740,72,72
2,510,1028,53,53
3,310,969,79,79
1,579,260,306,306
2,767,742,69,69
3,508,1027,53,53
4,310,967,79,79
1,765,742,69,69
2,506,1026,52,52
1,515,96,371,371
2,567,243,331,331
3,502,1023,55,55
1,515,99,373,373
2,567,243,331,331
3,761,734,79,79
4,499,1022,57,57
1,496,90,380,380
2,567,243,331,331
3,760,733,79,79
4,498,1023,53,53
1,494,1021,55,55
1,491,1020,56,56
1,509,101,373,373
2,492,1022,52,52
1,488,1020,55,55
1,487,1020,53,53
1,484,1021,51,51
1,482,1021,51,51
1,478,1020,55,55
1,592,274,280,280
2,757,738,69,69
3,475,1020,56,56
1,589,271,285,285
2,757,738,69,69
3,470,1020,58,58
1,576,271,288,288
2,470,1022,53,53
1,575,269,293,293
2,468,1023,53,53
1,577,268,289,289
2,411,1030,26,26
3,464,1021,56,56
1,749,724,86,86
2,459,1020,60,60
1,575,269,288,288
2,455,1020,61,61
1,591,291,255,255
2,452,1019,63,63
1,586,285,264,264
2,406,1027,28,28
3,450,1020,62,62
1,747,727,82,82
2,449,1021,60,60
1,576,280,268,268
2,751,732,75,75
3,404,1026,28,28
4,448,1023,57,57
1,748,733,72,72
2,446,1023,57,57
1,442,1021,59,59
1,442,1022,57,57
1,399,1024,29,29
2,441,1023,55,55
1,398,1024,27,27
2,438,1021,55,55
1,436,1020,56,56
1,433,1017,58,58
1,394,1022,28,28
2,434,1018,54,54
1,507,106,348,348
2,592,1026,28,28
3,430,1015,57,57
4,741,718,89,89
1,426,1012,59,59
1,568,249,312,312
2,743,732,69,69
3,425,1013,56,56
1,565,248,314,314
2,421,1010,58,58
3,740,728,75,75
1,561,254,304,304
2,419,1011,57,57
1,558,256,299,299
2,418,1009,56,56
1,564,268,278,278
2,414,1008,57,57
1,553,264,287,287
2,413,1008,56,56
1,553,251,310,310
2,410,1006,57,57
1,546,249,312,312
2,491,89,373,373
3,406,1005,58,58
4,512,1046,53,53
1,485,94,359,359
2,550,246,312,312
3,403,1003,59,59
1,491,89,368,368
2,377,1018,32,32
3,400,1004,58,58
1,479,85,375,375
2,554,232,331,331
3,398,1003,58,58
1,486,76,390,390
2,532,226,358,358
3,395,1003,59,59
1,471,63,414,414
2,541,246,312,312
3,391,1002,60,60
1,477,75,393,393
2,526,220,380,380
3,389,1002,59,59
1,482,91,364,364
2,522,221,389,389
3,386,1002,59,59
1,480,79,380,380
2,520,229,369,369
3,383,1002,60,60
4,208,1007,58,58
1,469,78,388,388
2,380,1004,58,58
3,205,1006,59,59
1,517,226,384,384
2,494,90,359,359
3,377,1003,59,59
4,202,1005,60,60
1,492,98,348,348
2,199,1004,61,61
3,374,1004,60,60
1,573,283,255,255
2,197,1003,61,61
3,371,1003,62,62
1,481,90,359,359
2,550,258,303,303
3,196,1002,60,60
4,368,1006,59,59
1,474,82,373,373
2,562,265,276,276
3,194,1002,60,60
4,364,1005,62,62
1,566,272,264,264
2,190,999,64,64
3,362,1006,59,59
1,574,277,255,255
2,190,1000,60,60
3,419,1642,196,196
1,467,72,388,388
2,573,276,255,255
3,727,726,69,69
4,189,997,62,62
5,356,1007,58,58
6,417,1640,196,196
1,471,78,380,380
2,728,722,74,74
3,540,1017,29,29
4,187,997,60,60
5,353,1006,59,59
1,562,279,255,255
2,726,722,75,75
3,352,1007,56,56
4,183,993,63,63
1,554,266,276,276
2,724,713,86,86
3,183,992,62,62
1,549,264,278,278
2,723,716,82,82
3,179,991,64,64
1,723,719,76,76
2,177,990,64,64
1,175,989,62,62
1,540,244,319,319
2,171,986,65,65
1,536,246,330,330
2,170,988,63,63
1,168,986,63,63
1,515,1012,29,29
2,165,986,63,63
1,161,984,64,64
1,158,984,66,66
1,722,724,69,69
2,155,984,66,66
1,721,724,69,69
2,151,982,69,69
1,720,724,69,69
2,500,1014,27,27
3,148,982,69,69
1,144,982,72,72
1,141,981,74,74
1,140,984,69,69
1,560,272,255,255
2,134,983,74,74
1,565,1021,28,28
2,131,985,74,74
1,547,268,266,266
2,127,987,73,73
1,540,256,280,280
2,560,1017,32,32
3,124,989,73,73
1,557,1016,33,33
2,119,989,75,75
1,556,1014,33,33
2,116,991,74,74
1,553,1012,35,35
2,111,993,74,74
1,552,1013,34,34
2,107,993,74,74
1,583,387,54,54
2,716,718,73,73
3,549,1011,35,35
4,102,994,74,74
1,717,717,76,76
2,547,1011,36,36
3,97,994,76,76
1,546,1011,36,36
2,93,996,74,74
3,717,716,76,76
1,547,256,280,280
2,544,1011,36,36
3,88,996,74,74
4,719,721,69,69
1,720,721,69,69
2,541,1009,41,41
3,82,995,75,75
1,541,1011,35,35
2,716,721,69,69
3,75,993,77,77
1,536,240,309,309
2,444,998,28,28
3,538,1010,39,39
4,72,992,76,76
1,540,232,318,318
2,537,1011,36,36
3,66,991,77,77
1,536,239,309,309
2,536,1012,37,37
3,63,991,75,75
1,462,72,380,380
2,536,228,318,318
3,533,1014,38,38
4,57,988,78,78
1,537,249,293,293
2,530,1012,40,40
3,52,988,77,77
1,529,1013,39,39
2,47,985,79,79
1,530,238,306,306
2,528,1014,38,38
3,44,985,75,75
1,526,1015,38,38
2,38,981,78,78
1,524,1014,38,38
2,34,980,76,76
1,520,1013,41,41
2,30,978,78,78
1,520,1013,41,41
2,26,977,76,76
1,518,1013,41,41
2,23,976,75,75
1,515,1012,42,42
2,17,974,78,78
1,714,719,69,69
2,514,1012,41,41
3,13,971,78,78
1,713,718,69,69
2,508,1009,46,46
3,9,970,77,77
1,536,251,288,288
2,713,718,69,69
3,509,1009,43,43
4,7,970,76,76
1,532,254,284,284
2,505,1007,46,46
3,4,971,72,72
1,531,259,277,277
2,505,1007,44,44
3,2,973,67,67
1,530,258,280,280
2,501,1004,48,48
1,529,253,288,288
2,501,1004,43,43
1,531,255,283,283
2,395,1002,30,30
3,499,1003,43,43
1,535,253,288,288
2,497,1003,43,43
1,530,249,290,290
2,495,1001,45,45
1,534,252,287,287
2,387,1000,30,30
3,492,999,46,46
1,532,250,290,290
2,491,1000,44,44
1,528,248,293,293
2,489,1001,42,42
1,523,243,302,302
2,485,999,46,46
1,524,243,298,298
2,484,1000,45,45
1,470,77,364,364
2,514,237,308,308
3,481,999,46,46
1,533,247,290,290
2,479,1000,45,45
1,462,87,348,348
2,528,240,301,301
3,477,1000,45,45
1,455,80,359,359
2,532,242,297,297
3,474,1001,45,45
1,533,244,293,293
2,472,1003,45,45
1,532,242,297,297
2,469,1003,47,47
1,531,243,293,293
2,467,1004,45,45
1,533,252,284,284
2,464,1004,46,46
3,714,716,69,69
1,530,237,302,302
2,714,716,69,69
3,350,991,34,34
4,460,1004,48,48
1,522,234,306,306
2,713,715,71,71
3,712,999,24,24
4,458,1005,48,48
1,522,234,306,306
2,713,714,72,72
3,454,1004,50,50
1,465,84,348,348
2,522,231,308,308
3,714,716,69,69
4,453,1005,48,48
1,462,78,359,359
2,522,231,308,308
3,715,715,69,69
4,284,998,36,36
5,450,1005,48,48
1,518,231,306,306
2,714,716,69,69
3,710,1001,24,24
4,446,1004,49,49
1,526,232,302,302
2,714,716,69,69
3,444,1004,50,50
1,713,708,78,78
2,442,1004,49,49
1,522,230,309,309
2,440,1003,48,48
3,713,710,76,76
1,522,230,309,309
2,714,709,77,77
3,278,996,34,34
4,437,1002,49,49
1,524,231,306,306
2,712,709,77,77
3,435,1001,50,50
1,712,709,76,76
2,433,1000,48,48
1,430,998,50,50
1,429,997,49,49
2,327,918,158,158
1,426,996,51,51
1,425,996,49,49
1,423,994,50,50
1,420,994,50,50
1,528,232,302,302
2,418,994,50,50
1,417,995,49,49
1,415,994,49,49
2,74,950,100,100
1,413,994,50,50
2,68,946,105,105
1,411,995,50,50
2,62,943,108,108
1,409,995,51,51
1,408,996,49,49
1,405,997,50,50
1,404,999,49,49
1,402,1000,50,50
1,227,914,62,62
2,399,1001,50,50
1,398,1002,51,51
1,396,1002,50,50
1,395,1003,50,50
1,391,1003,52,52
1,390,1003,50,50
1,388,1003,50,50
1,387,1001,52,52
1,385,1001,51,51
1,436,46,414,414
2,382,1000,52,52
1,381,999,50,50
2,279,980,53,53
1,379,998,51,51
1,378,996,51,51
1,466,36,430,430
2,374,995,51,51
1,466,36,430,430
2,374,994,51,51
1,370,992,53,53
1,369,991,52,52
1,367,990,51,51
1,364,989,52,52
1,363,989,51,51
2,406,1021,78,78
1,360,988,51,51
1,359,988,51,51
1,356,988,51,51
1,354,989,50,50
1,351,988,53,53
1,230,911,67,67
2,347,989,54,54
1,232,912,69,69
2,345,989,54,54
1,232,914,64,64
2,343,991,53,53
1,340,992,53,53
1,338,993,53,53
1,334,993,55,55
1,331,994,55,55
1,328,993,56,56
1,325,995,56,56
1,322,995,56,56
1,456,56,397,397
2,319,995,56,56
1,781,1004,25,25
2,315,994,56,56
1,236,913,62,62
2,312,994,56,56
1,456,62,397,397
2,309,994,57,57
1,142,974,50,50
2,306,993,57,57
3,26,1223,107,107
1,304,992,56,56
2,16,1218,116,116
1,460,54,397,397
2,299,990,59,59
3,213,1290,78,78
4,11,1220,116,116
1,297,989,58,58
1,466,71,373,373
2,294,988,58,58
3,123,974,53,53
1,479,71,373,373
2,779,1006,25,25
3,120,974,52,52
4,292,986,57,57
1,474,66,380,380
2,288,984,59,59
1,465,62,388,388
2,177,987,50,50
3,286,984,57,57
1,465,62,388,388
2,282,981,60,60
1,465,62,388,388
2,101,973,52,52
3,280,981,59,59
1,469,70,375,375
2,98,973,52,52
3,277,980,60,60
1,94,972,50,50
2,275,980,59,59
1,465,62,388,388
2,91,971,49,49
3,272,981,58,58
1,462,51,408,408
2,170,986,45,45
3,87,970,49,49
4,268,981,59,59
1,473,42,418,418
2,82,967,51,51
3,170,988,42,42
4,266,981,60,60
1,467,49,402,402
2,168,987,46,46
3,78,966,53,53
4,263,982,59,59
1,464,45,416,416
2,339,956,36,36
3,432,977,33,33
4,76,964,51,51
5,259,983,59,59
1,463,39,430,430
2,430,975,36,36
3,256,984,60,60
4,72,963,53,53
1,69,963,48,48
2,253,986,59,59
1,159,988,49,49
2,250,986,60,60
3,64,960,53,53
1,159,990,47,47
2,247,988,61,61
1,57,960,51,51
2,156,991,50,50
3,244,989,61,61
1,53,961,53,53
2,241,990,60,60
1,779,1008,25,25
2,48,960,53,53
3,237,991,61,61
1,153,994,47,47
2,43,960,54,54
3,234,992,62,62
1,231,992,61,61
2,39,960,54,54
1,36,962,53,53
2,149,994,48,48
3,229,992,61,61
1,33,962,52,52
2,150,996,45,45
3,225,992,61,61
1,29,963,54,54
2,148,995,45,45
3,221,990,62,62
1,147,994,47,47
2,218,990,61,61
3,24,963,56,56
1,17,963,58,58
2,215,989,62,62
1,464,69,373,373
2,726,705,80,80
3,13,964,58,58
4,211,988,61,61
1,464,77,364,364
2,727,704,83,83
3,143,993,43,43
4,8,964,60,60
5,207,986,62,62
1,464,71,373,373
2,727,700,89,89
3,8,968,52,52
4,420,976,34,34
5,204,985,61,61
1,464,71,373,373
2,727,704,83,83
3,6,969,53,53
4,199,983,61,61
1,470,74,368,368
2,727,705,82,82
3,2,968,53,53
4,195,981,62,62
1,473,77,364,364
2,540,238,293,293
3,1,969,53,53
4,192,980,62,62
1,470,74,368,368
2,729,704,82,82
3,188,980,61,61
1,472,71,373,373
2,729,706,81,81
3,183,978,61,61
1,472,71,373,373
2,414,977,38,38
3,782,1012,25,25
4,178,976,62,62
1,472,71,373,373
2,412,976,40,40
3,175,976,61,61
1,471,72,368,368
2,412,977,38,38
3,171,975,61,61
1,477,78,359,359
2,411,977,38,38
3,165,974,62,62
1,534,231,306,306
2,160,974,63,63
1,472,66,380,380
2,527,233,306,306
3,155,975,63,63
1,472,66,380,380
2,528,230,309,309
3,152,976,60,60
1,540,241,293,293
2,734,716,69,69
3,407,975,38,38
4,147,976,61,61
1,539,242,293,293
2,736,715,69,69
3,778,1009,25,25
4,140,976,63,63
1,538,239,297,297
2,735,715,69,69
3,136,978,63,63
1,556,255,278,278
2,405,975,35,35
3,127,979,66,66
1,553,255,278,278
2,405,975,36,36
3,123,980,64,64
1,552,251,285,285
2,775,1010,26,26
3,118,982,66,66
1,485,87,348,348
2,548,249,289,289
3,111,983,66,66
1,548,249,289,289
2,105,983,66,66
1,485,87,348,348
2,548,247,293,293
3,100,985,65,65
1,553,250,288,288
2,402,972,36,36
3,90,984,70,70
1,556,252,284,284
2,85,984,71,71
1,556,252,284,284
2,79,984,71,71
1,548,246,296,296
2,771,1012,25,25
3,72,984,70,70
4,380,1348,83,83
1,546,240,301,301
2,66,984,69,69
3,381,1345,89,89
1,557,245,290,290
2,769,1012,28,28
3,59,982,70,70
1,554,247,290,290
2,296,948,41,41
3,51,980,72,72
1,556,242,299,299
2,297,949,38,38
3,46,980,69,69
1,555,242,302,302
2,567,1022,25,25
3,39,978,71,71
1,555,239,306,306
2,764,1013,27,27
3,32,976,72,72
1,552,233,313,313
2,764,1013,26,26
3,120,1020,37,37
4,25,973,73,73
1,548,234,313,313
2,396,972,38,38
3,120,1020,37,37
4,20,973,71,71
1,555,234,317,317
2,396,974,36,36
3,521,999,33,33
4,13,970,74,74
1,552,238,310,310
2,395,973,42,42
3,9,970,70,70
1,551,240,306,306
2,394,972,43,43
3,117,1020,35,35
4,5,970,67,67
1,551,240,306,306
2,393,970,47,47
3,3,971,61,61
1,552,240,306,306
2,394,973,42,42
1,497,66,380,380
2,546,236,312,312
3,114,1018,36,36
1,553,246,298,298
2,735,714,75,75
3,113,1018,36,36
1,480,56,402,402
2,549,239,309,309
3,523,994,32,32
1,493,74,368,368
2,544,234,317,317
1,484,62,388,388
2,547,229,324,324
3,737,713,77,77
4,109,1017,36,36
1,486,58,397,397
2,552,232,317,317
3,738,712,77,77
1,486,65,390,390
2,560,235,310,310
3,737,711,79,79
1,488,67,386,386
2,560,241,298,298
3,740,719,69,69
4,106,1016,37,37
5,22,979,59,59
1,476,65,393,393
2,564,245,293,293
3,737,710,81,81
4,83,1007,28,28
5,106,1017,33,33
6,25,980,54,54
1,487,73,375,375
2,566,242,301,301
3,103,1015,37,37
4,21,980,55,55
1,480,62,397,397
2,564,241,301,301
3,394,976,43,43
4,103,1016,36,36
5,16,979,60,60
1,394,975,45,45
2,14,981,57,57
1,564,248,290,290
2,393,974,46,46
3,522,993,32,32
4,11,981,59,59
1,486,70,380,380
2,555,237,306,306
3,392,972,49,49
4,9,983,57,57
1,552,235,308,308
2,70,1004,30,30
3,391,972,50,50
4,7,984,53,53
1,554,246,293,293
2,394,973,45,45
3,6,985,53,53
1,479,72,380,380
2,557,249,288,288
3,95,1017,35,35
4,392,972,47,47
5,3,986,53,53
1,483,78,373,373
2,65,1005,30,30
3,392,971,48,48
4,95,1017,36,36
5,1,987,53,53
1,479,78,373,373
2,285,946,38,38
3,391,968,48,48
4,90,1014,44,44
1,392,970,47,47
2,91,1016,40,40
1,478,72,380,380
2,554,242,302,302
3,391,969,48,48
1,478,72,380,380
2,556,248,293,293
3,391,968,47,47
4,57,1005,32,32
5,87,1019,40,40
1,471,59,397,397
2,552,241,302,302
3,81,1015,48,48
4,390,968,49,49
1,465,56,402,402
2,552,241,302,302
3,55,1007,29,29
4,392,971,45,45
5,86,1021,37,37
1,550,239,309,309
2,389,968,47,47
1,51,1008,28,28
2,390,968,47,47
3,80,1020,42,42
1,556,242,306,306
2,388,967,49,49
3,75,1019,48,48
1,558,245,298,298
2,45,1006,33,33
3,388,969,46,46
1,387,967,49,49
2,72,1020,47,47
1,543,244,306,306
2,73,1021,42,42
3,387,968,48,48
1,543,244,306,306
2,40,1008,30,30
3,386,969,48,48
4,69,1020,45,45
1,551,247,302,302
2,37,1009,30,30
3,635,1023,26,26
4,66,1019,48,48
1,542,246,309,309
2,35,1007,32,32
3,384,968,49,49
4,65,1019,48,48
1,551,249,293,293
2,383,968,48,48
3,62,1018,48,48
1,549,249,298,298
2,383,968,50,50
3,59,1017,49,49
1,556,251,288,288
2,382,969,49,49
3,57,1016,50,50
1,381,969,51,51
2,58,1018,46,46
1,553,251,288,288
2,381,970,50,50
3,56,1017,47,47
1,380,971,49,49
2,53,1016,48,48
1,553,251,288,288
2,380,971,49,49
3,53,1017,45,45
1,551,251,288,288
2,378,972,49,49
3,744,721,69,69
4,51,1016,45,45
1,559,258,288,288
2,705,1027,25,25
3,377,973,48,48
4,50,1015,44,44
1,563,260,280,280
2,47,1013,48,48
3,377,972,48,48
1,565,260,280,280
2,374,972,50,50
3,45,1012,49,49
1,625,1027,25,25
2,374,972,48,48
3,44,1013,47,47
1,573,267,268,268
2,746,722,69,69
3,372,972,50,50
4,42,1012,49,49
1,571,264,268,268
2,746,722,69,69
3,372,972,48,48
4,41,1012,48,48
1,744,722,69,69
2,370,971,49,49
3,41,1013,45,45
1,561,251,293,293
2,229,942,43,43
3,369,971,50,50
4,38,1011,49,49
1,367,970,51,51
2,35,1011,49,49
1,745,722,69,69
2,366,969,50,50
3,34,1011,49,49
1,364,969,52,52
2,32,1011,49,49
1,365,968,49,49
2,31,1011,50,50
1,363,967,51,51
2,30,1013,49,49
1,363,967,50,50
2,28,1013,49,49
1,28,1014,48,48
2,361,966,51,51
1,742,707,89,89
2,360,965,49,49
3,520,988,42,42
4,26,1014,49,49
1,741,706,89,89
2,519,988,42,42
3,359,965,49,49
4,24,1015,49,49
1,741,706,89,89
2,358,964,51,51
3,23,1016,49,49
1,517,983,48,48
2,357,963,51,51
3,22,1016,48,48
1,357,963,50,50
2,519,985,43,43
3,20,1017,48,48
1,462,1036,27,27
2,356,963,50,50
3,520,986,40,40
4,18,1016,50,50
1,355,962,51,51
2,518,984,43,43
3,462,1036,28,28
4,16,1017,49,49
1,354,963,50,50
2,516,982,46,46
3,16,1017,49,49
1,462,1036,28,28
2,352,962,51,51
3,516,982,46,46
4,15,1018,49,49
1,353,962,51,51
2,514,981,48,48
3,14,1018,49,49
1,351,961,52,52
2,514,981,48,48
3,13,1017,50,50
1,514,983,47,47
2,10,1016,50,50
3,351,962,51,51
1,350,962,52,52
2,512,982,51,51
3,10,1016,50,50
1,460,1036,28,28
2,350,963,50,50
3,511,982,51,51
4,8,1016,50,50
1,350,963,50,50
2,6,1015,51,51
1,350,964,51,51
2,509,984,50,50
3,4,1014,51,51
1,349,964,50,50
2,5,1014,49,49
1,347,964,52,52
2,459,1034,28,28
3,3,1012,50,50
1,459,1034,28,28
2,3,1013,48,48
3,347,965,51,51
1,347,965,51,51
2,2,1012,48,48
1,508,991,40,40
2,347,966,51,51
1,347,967,50,50
2,507,992,40,40
1,346,968,51,51
1,346,968,50,50
2,503,988,44,44
1,347,968,50,50
2,500,986,50,50
1,346,968,51,51
2,500,986,45,45
1,347,968,50,50
2,499,986,47,47
3,39,977,64,64
1,346,968,51,51
2,497,985,48,48
1,497,984,47,47
2,346,967,51,51
1,348,966,50,50
2,496,984,46,46
3,112,1366,116,116
1,347,966,50,50
2,493,981,51,51
3,109,1371,121,121
1,345,965,51,51
2,494,982,48,48
3,131,1379,104,104
1,348,964,48,48
2,493,979,50,50
1,493,978,49,49
2,347,963,50,50
1,491,976,52,52
2,346,963,50,50
1,492,976,51,51
2,345,961,51,51
1,492,975,52,52
2,346,961,50,50
1,492,975,51,51
2,344,959,52,52
1,343,958,52,52
2,491,975,52,52
1,491,976,51,51
2,342,957,53,53
1,343,959,49,49
2,490,976,53,53
1,341,956,52,52
2,490,977,52,52
1,339,956,53,53
2,490,978,51,51
1,337,954,54,54
2,490,980,52,52
1,490,980,50,50
2,335,954,55,55
1,334,954,54,54
2,488,980,53,53
1,334,955,53,53
2,487,980,55,55
1,488,981,53,53
2,331,953,55,55
1,245,1021,25,25
2,331,954,53,53
3,487,982,51,51
1,487,982,50,50
2,329,954,54,54
1,486,982,51,51
2,327,954,54,54
1,326,955,53,53
2,486,982,50,50
1,325,956,53,53
2,486,982,50,50
1,323,956,54,54
2,487,982,48,48
1,485,979,53,53
2,322,957,53,53
1,458,54,414,414
2,320,957,53,53
3,483,980,52,52
1,483,979,52,52
2,316,956,56,56
1,314,957,55,55
2,480,976,54,54
1,478,975,55,55
2,312,957,56,56
1,478,974,52,52
2,310,957,56,56
1,308,958,54,54
1,474,971,56,56
2,306,957,56,56
1,455,54,414,414
2,304,957,55,55
1,462,52,416,416
2,302,957,54,54
1,226,1022,26,26
2,301,957,53,53
3,464,968,61,61
1,299,956,53,53
1,296,955,54,54
2,458,964,69,69
1,460,967,64,64
2,294,955,54,54
1,222,1024,26,26
2,294,954,53,53
1,290,952,55,55
1,220,1024,26,26
2,289,951,53,53
1,286,950,55,55
1,429,1006,27,27
2,285,949,53,53
3,67,906,56,56
1,66,904,63,63
2,282,947,54,54
1,66,905,63,63
2,216,1023,26,26
3,280,945,56,56
1,68,906,62,62
2,280,944,57,57
1,70,908,61,61
2,214,1022,26,26
3,280,946,53,53
1,70,908,63,63
2,279,943,56,56
1,70,909,64,64
2,212,1020,26,26
3,276,943,55,55
1,72,911,63,63
2,276,942,58,58
1,71,910,65,65
2,275,943,56,56
1,209,1019,25,25
2,275,942,58,58
3,72,910,66,66
1,72,911,65,65
2,272,941,59,59
1,205,1017,26,26
2,271,941,59,59
3,70,911,69,69
1,205,1017,26,26
2,271,942,58,58
1,70,909,69,69
2,268,942,59,59
1,70,908,69,69
2,270,945,53,53
1,70,907,69,69
2,200,1017,26,26
3,268,944,56,56
1,70,906,69,69
2,267,945,56,56
1,67,905,69,69
2,265,945,56,56
1,196,1016,26,26
2,263,944,59,59
3,68,905,69,69
1,67,903,69,69
2,263,946,57,57
3,407,959,69,69
1,62,900,69,69
2,194,1018,26,26
3,262,946,58,58
1,260,946,60,60
2,65,899,69,69
1,260,948,58,58
1,65,897,69,69
2,259,947,58,58
1,63,894,69,69
2,188,1020,27,27
3,258,947,58,58
1,67,894,69,69
2,258,948,57,57
1,185,1022,26,26
2,256,947,59,59
3,64,892,69,69
1,184,1022,26,26
2,256,945,60,60
1,502,1011,30,30
2,63,890,69,69
3,255,945,59,59
4,408,959,65,65
1,180,1021,28,28
2,58,888,69,69
3,255,944,58,58
4,409,961,64,64
1,60,887,69,69
2,592,1022,28,28
3,254,942,61,61
4,409,962,62,62
1,47,882,80,80
2,498,1008,35,35
3,252,941,61,61
1,497,1007,37,37
2,254,942,56,56
1,252,938,61,61
2,497,1007,36,36
3,402,959,74,74
1,57,889,69,69
2,497,1008,34,34
3,250,938,60,60
4,401,957,76,76
1,250,938,58,58
2,497,1008,34,34
3,401,958,73,73
4,53,887,72,72
1,169,1022,28,28
2,497,1007,35,35
3,246,934,64,64
4,399,956,75,75
1,496,1007,35,35
2,246,935,60,60
3,399,959,69,69
1,46,889,69,69
2,246,935,58,58
3,495,1006,38,38
4,396,953,76,76
1,723,1012,28,28
2,496,1007,36,36
3,243,932,61,61
4,394,953,73,73
5,501,1327,53,53
1,722,1011,29,29
2,586,1022,26,26
3,35,885,76,76
4,240,931,63,63
5,495,1008,36,36
1,32,885,78,78
2,495,1008,36,36
3,239,931,62,62
4,388,950,76,76
1,23,881,84,84
2,720,1012,28,28
3,584,1022,28,28
4,237,930,60,60
5,495,1009,35,35
6,387,948,78,78
1,23,883,83,83
2,496,1010,34,34
3,236,931,60,60
4,384,947,76,76
1,19,883,81,81
2,720,1011,29,29
3,234,931,59,59
4,496,1010,34,34
5,384,946,73,73
1,17,884,81,81
2,582,1023,28,28
3,231,929,62,62
4,383,944,70,70
1,15,886,79,79
2,229,929,62,62
3,378,941,74,74
1,226,929,63,63
2,11,883,82,82
3,582,1024,26,26
4,376,940,74,74
1,9,883,79,79
2,716,1012,29,29
3,581,1025,27,27
4,224,928,63,63
5,368,937,79,79
1,3,881,80,80
2,714,1013,30,30
3,223,930,62,62
4,580,1025,28,28
5,368,935,76,76
1,4,886,69,69
2,715,1015,28,28
3,580,1025,28,28
4,220,929,64,64
5,363,935,78,78
1,219,931,62,62
2,715,1015,28,28
3,360,936,76,76
4,580,1025,28,28
5,492,1013,38,38
1,714,1014,29,29
2,580,1025,27,27
3,215,929,66,66
4,494,1014,35,35
5,355,934,79,79
1,713,1016,29,29
2,579,1024,28,28
3,494,1014,34,34
4,212,929,68,68
5,352,935,79,79
1,712,1017,29,29
2,579,1024,27,27
3,208,930,65,65
4,348,936,79,79
1,712,1017,29,29
2,578,1024,28,28
3,493,1011,37,37
4,206,931,68,68
5,343,936,78,78
1,712,1017,28,28
2,578,1024,27,27
3,204,932,66,66
4,494,1012,36,36
5,335,934,86,86
1,712,1017,28,28
2,578,1023,28,28
3,493,1010,38,38
4,201,932,68,68
5,332,936,82,82
1,577,1023,27,27
2,494,1011,36,36
3,197,930,70,70
4,327,938,82,82
1,577,1023,27,27
2,493,1010,38,38
3,195,932,67,67
4,322,938,81,81
1,709,1016,29,29
2,192,931,68,68
3,576,1021,28,28
4,492,1008,41,41
5,315,937,84,84
1,575,1020,28,28
2,308,935,88,88
3,491,1006,42,42
4,190,930,68,68
1,186,929,69,69
2,574,1020,28,28
3,492,1006,40,40
4,303,935,89,89
1,707,1014,29,29
2,573,1020,28,28
3,296,934,90,90
4,492,1006,40,40
5,181,926,71,71
1,572,1019,29,29
2,491,1005,41,41
3,179,925,70,70
4,294,935,85,85
1,818,1028,28,28
2,490,1005,41,41
3,178,926,68,68
4,293,937,77,77
1,571,1019,28,28
2,817,1026,29,29
3,174,924,68,68
4,281,929,89,89
5,489,1004,42,42
1,569,1018,30,30
2,816,1027,26,26
3,277,929,87,87
4,490,1005,41,41
5,172,922,69,69
1,169,920,71,71
2,275,931,83,83
3,704,1010,32,32
4,569,1019,29,29
5,488,1003,42,42
1,704,1010,32,32
2,490,1005,38,38
3,166,919,71,71
4,264,925,92,92
1,164,916,71,71
2,568,1020,28,28
3,259,921,93,93
4,489,1006,37,37
1,163,917,69,69
2,704,1009,32,32
3,567,1020,28,28
4,253,918,97,97
5,488,1006,39,39
1,160,912,73,73
2,566,1021,28,28
3,487,1005,41,41
4,703,1008,34,34
5,250,918,92,92
1,565,1022,28,28
2,805,1026,26,26
3,487,1006,40,40
4,158,911,74,74
5,249,918,87,87
1,564,1021,29,29
2,157,911,71,71
3,486,1006,40,40
4,242,913,91,91
1,801,1026,27,27
2,152,907,76,76
3,486,1007,39,39
4,237,912,91,91
1,153,909,71,71
2,705,1009,31,31
3,234,912,86,86
4,483,1006,42,42
1,150,908,72,72
2,704,1008,33,33
3,560,1022,30,30
4,482,1006,44,44
5,229,909,91,91
1,149,908,71,71
2,706,1010,30,30
3,560,1022,28,28
4,482,1007,43,43
5,223,907,92,92
1,148,909,70,70
2,558,1021,29,29
3,219,907,90,90
4,482,1007,44,44
1,146,908,71,71
2,556,1019,33,33
3,794,1024,28,28
4,213,905,94,94
5,704,1008,35,35
6,482,1010,39,39
1,144,908,71,71
2,209,905,92,92
3,556,1020,30,30
4,704,1009,34,34
5,481,1008,42,42
1,556,1019,30,30
2,791,1024,28,28
3,361,996,28,28
4,142,908,71,71
5,204,907,91,91
6,705,1010,33,33
7,478,1007,44,44
1,555,1018,30,30
2,138,907,74,74
3,360,996,28,28
4,199,906,93,93
5,478,1007,43,43
1,575,256,280,280
2,138,907,75,75
3,554,1017,32,32
4,788,1024,26,26
5,195,907,93,93
6,477,1006,43,43
7,704,1011,36,36
1,578,247,293,293
2,137,909,74,74
3,705,1012,35,35
4,786,1024,28,28
5,188,906,96,96
6,476,1006,43,43
7,552,1015,35,35
1,134,909,75,75
2,473,1004,46,46
3,552,1015,34,34
4,704,1012,36,36
5,188,912,87,87
1,474,1006,41,41
2,553,1016,30,30
3,356,995,29,29
4,784,1024,27,27
5,132,908,76,76
6,183,912,89,89
1,129,908,76,76
2,550,1014,34,34
3,175,911,93,93
4,472,1004,43,43
1,568,249,293,293
2,127,910,75,75
3,551,1016,30,30
4,782,1025,26,26
5,171,912,91,91
1,131,917,64,64
2,552,1016,28,28
3,162,908,100,100
4,705,1014,35,35
5,469,1000,49,49
1,156,907,99,99
2,551,1016,29,29
3,351,995,29,29
4,706,1015,34,34
1,499,64,397,397
2,548,1014,34,34
3,374,1023,44,44
4,467,1000,45,45
5,706,1015,34,34
6,152,907,98,98
1,499,64,397,397
2,563,249,293,293
3,148,908,97,97
4,549,1016,29,29
5,467,1001,43,43
6,370,1021,49,49
1,547,1015,32,32
2,707,1016,31,31
3,142,904,95,95
4,371,1023,47,47
1,707,1016,30,30
2,131,901,104,104
3,465,1000,42,42
4,369,1023,49,49
1,547,1016,31,31
2,129,898,97,97
3,465,999,43,43
4,707,1012,34,34
5,370,1024,47,47
1,568,249,293,293
2,707,1015,32,32
3,120,892,106,106
4,368,1025,49,49
1,707,1013,33,33
2,111,889,107,107
3,772,1025,28,28
4,338,996,33,33
5,367,1026,48,48
1,108,888,101,101
2,707,1013,32,32
3,461,998,43,43
4,366,1026,47,47
1,708,1012,30,30
2,545,1018,30,30
3,364,1026,48,48
4,98,882,104,104
1,572,258,280,280
2,544,1018,31,31
3,332,996,33,33
4,364,1026,49,49
5,89,877,110,110
1,707,1010,33,33
2,80,876,104,104
3,767,1025,28,28
4,542,1018,33,33
5,362,1026,48,48
6,465,1327,56,56
1,69,866,113,113
2,707,1011,32,32
3,542,1019,33,33
4,767,1026,26,26
5,362,1026,47,47
1,58,863,120,120
2,706,1009,33,33
3,542,1018,34,34
4,325,993,34,34
5,360,1025,50,50
1,706,1010,32,32
2,541,1018,33,33
3,324,993,32,32
4,51,863,115,115
5,359,1023,49,49
1,503,52,414,414
2,52,868,96,96
3,358,1022,49,49
1,40,866,101,101
2,706,1010,30,30
3,320,992,30,30
4,541,1018,32,32
5,357,1021,49,49
1,705,1009,32,32
2,540,1018,33,33
3,317,991,32,32
4,29,864,103,103
5,355,1020,49,49
1,503,52,416,416
2,705,1009,33,33
3,540,1018,32,32
4,316,992,30,30
5,16,862,107,107
6,355,1020,48,48
1,705,1009,33,33
2,453,1006,38,38
3,10,869,96,96
4,538,1016,35,35
5,354,1019,48,48
1,5,875,89,89
2,538,1017,33,33
3,704,1008,34,34
4,353,1019,48,48
1,505,59,402,402
2,538,1017,33,33
3,352,1018,47,47
1,503,49,414,414
2,702,1008,34,34
3,536,1015,35,35
4,351,1017,49,49
1,505,59,397,397
2,537,1016,33,33
3,349,1015,50,50
1,703,1012,32,32
2,536,1015,33,33
3,349,1017,48,48
1,509,65,388,388
2,702,1011,34,34
3,534,1014,35,35
4,348,1017,48,48
1,499,59,397,397
2,534,1014,35,35
3,348,1016,48,48
1,516,70,380,380
2,534,1014,34,34
3,346,1016,48,48
1,503,67,388,388
2,423,996,25,25
3,532,1013,35,35
4,345,1016,48,48
1,532,1013,34,34
2,344,1016,49,49
1,47,883,89,89
2,530,1013,35,35
3,342,1016,51,51
1,556,233,318,318
2,530,1013,34,34
3,37,884,87,87
4,341,1016,50,50
1,561,233,318,318
2,698,1015,33,33
3,530,1014,35,35
4,341,1018,49,49
5,27,881,91,91
1,20,878,98,98
2,418,996,26,26
3,526,1013,36,36
4,697,1015,34,34
5,339,1018,50,50
1,554,230,331,331
2,697,1017,30,30
3,15,881,95,95
4,527,1014,34,34
5,339,1019,49,49
1,551,230,331,331
2,697,1017,30,30
3,16,887,83,83
4,526,1015,34,34
5,336,1019,50,50
1,10,886,82,82
2,524,1015,36,36
3,335,1020,50,50
1,565,231,320,320
2,6,889,80,80
3,694,1016,32,32
4,523,1014,37,37
5,334,1020,51,51
1,570,231,320,320
2,694,1016,32,32
3,522,1016,35,35
4,334,1021,50,50
1,565,233,320,320
2,288,990,34,34
3,521,1015,36,36
4,333,1021,50,50
1,573,233,318,318
2,333,1022,49,49
3,520,1017,35,35
1,577,237,309,309
2,691,1014,34,34
3,332,1022,49,49
1,330,1021,51,51
1,515,1015,38,38
2,329,1022,50,50
1,286,993,28,28
2,514,1015,37,37
3,328,1021,50,50
1,513,1015,36,36
2,327,1021,50,50
1,377,1023,27,27
2,409,1001,26,26
3,511,1015,37,37
4,326,1020,50,50
1,509,79,364,364
2,560,225,331,331
3,510,1014,37,37
4,618,977,49,49
5,327,1020,50,50
1,325,1019,49,49
1,687,1007,34,34
2,509,1014,36,36
3,323,1018,51,51
1,497,66,380,380
2,509,1012,36,36
3,323,1018,50,50
1,497,66,380,380
2,688,1007,32,32
3,372,1022,27,27
4,824,1026,26,26
5,508,1012,37,37
6,321,1016,51,51
1,497,66,380,380
2,687,1006,33,33
3,824,1025,28,28
4,508,1012,36,36
5,321,1016,49,49
1,497,66,380,380
2,564,240,306,306
3,687,1007,33,33
4,824,1026,26,26
5,277,990,31,31
6,507,1011,37,37
7,319,1015,51,51
1,565,242,302,302
2,823,1025,27,27
3,686,1006,35,35
4,506,1011,35,35
5,319,1015,50,50
1,500,73,373,373
2,822,1025,27,27
3,687,1007,34,34
4,504,1009,39,39
5,316,1014,51,51
1,499,70,380,380
2,820,1025,27,27
3,685,1008,34,34
4,316,1014,51,51
1,500,73,373,373
2,820,1025,28,28
3,503,1010,38,38
4,685,1007,36,36
5,315,1015,50,50
1,500,73,373,373
2,685,1008,35,35
3,313,1014,51,51
1,506,77,364,364
2,818,1024,28,28
3,684,1008,36,36
4,502,1010,39,39
5,312,1015,50,50
1,494,70,380,380
2,685,1010,34,34
3,501,1010,39,39
4,311,1015,50,50
1,500,1010,40,40
2,685,1011,34,34
3,310,1016,49,49
1,502,65,388,388
2,816,1025,27,27
3,500,1013,39,39
4,309,1015,51,51
1,498,59,397,397
2,560,233,318,318
3,815,1026,27,27
4,685,1010,37,37
5,501,1014,37,37
6,308,1017,51,51
1,498,59,397,397
2,815,1026,27,27
3,684,1010,38,38
4,499,1013,39,39
5,306,1018,50,50
1,814,1026,26,26
2,685,1012,35,35
3,496,1012,43,43
4,305,1018,52,52
1,499,70,380,380
2,560,242,306,306
3,812,1027,27,27
4,685,1012,35,35
5,498,1015,38,38
6,304,1019,51,51
1,499,70,380,380
2,563,239,309,309
3,812,1027,28,28
4,685,1012,35,35
5,496,1014,42,42
6,303,1021,50,50
1,499,70,380,380
2,360,1026,28,28
3,810,1027,27,27
4,497,1014,42,42
5,302,1021,52,52
1,360,1026,29,29
2,810,1027,27,27
3,685,1011,34,34
4,496,1014,43,43
5,302,1022,51,51
1,558,225,331,331
2,809,1028,26,26
3,560,987,35,35
4,685,1010,36,36
5,497,1015,42,42
6,301,1023,51,51
1,486,59,397,397
2,569,239,309,309
3,807,1028,27,27
4,685,1009,35,35
5,497,1015,42,42
6,300,1024,50,50
1,806,1028,26,26
2,686,1009,35,35
3,497,1015,40,40
4,298,1025,50,50
1,685,1007,38,38
2,497,1015,41,41
3,297,1025,51,51
1,485,62,397,397
2,804,1027,26,26
3,685,1006,39,39
4,496,1013,44,44
5,296,1025,51,51
1,477,52,414,414
2,686,1007,35,35
3,497,1014,40,40
4,294,1026,51,51
1,801,1026,26,26
2,293,1026,51,51
3,683,1002,42,42
4,497,1014,40,40
1,800,1026,26,26
2,684,1005,35,35
3,497,1013,40,40
4,292,1025,51,51
1,798,1026,26,26
2,685,1004,35,35
3,499,1014,37,37
4,290,1024,51,51
1,480,52,414,414
2,571,223,331,331
3,559,986,38,38
4,683,1000,40,40
5,496,1012,41,41
6,288,1023,51,51
1,478,50,416,416
2,797,1024,26,26
3,560,988,36,36
4,495,1009,44,44
5,682,998,43,43
6,286,1022,50,50
1,474,52,414,414
2,352,1024,28,28
3,796,1024,26,26
4,284,1020,50,50
5,560,988,36,36
6,496,1008,42,42
1,478,50,416,416
2,683,1000,36,36
3,495,1008,43,43
4,280,1018,53,53
1,793,1022,26,26
2,681,998,41,41
3,495,1008,41,41
4,281,1018,51,51
1,680,998,40,40
2,792,1022,27,27
3,493,1008,43,43
4,278,1018,51,51
1,230,990,30,30
2,560,990,36,36
3,681,999,39,39
4,494,1007,41,41
5,791,1022,27,27
6,277,1016,52,52
1,577,223,331,331
2,790,1022,26,26
3,560,991,33,33
4,680,998,42,42
5,492,1006,44,44
6,275,1016,52,52
1,789,1021,28,28
2,680,998,38,38
3,491,1006,45,45
4,273,1016,52,52
1,789,1020,28,28
2,223,986,36,36
3,558,990,37,37
4,679,1000,37,37
5,489,1006,47,47
6,273,1016,51,51
1,584,238,306,306
2,786,1019,29,29
3,222,986,34,34
4,677,998,41,41
5,488,1005,48,48
6,270,1015,52,52
1,788,1021,26,26
2,557,990,36,36
3,676,998,42,42
4,488,1007,45,45
5,269,1015,52,52
1,575,235,309,309
2,787,1021,26,26
3,677,1000,39,39
4,486,1005,48,48
5,267,1015,52,52
1,575,235,309,309
2,558,989,37,37
3,675,999,42,42
4,486,1006,49,49
5,266,1015,52,52
1,575,235,309,309
2,785,1020,28,28
3,218,984,34,34
4,674,1000,42,42
5,484,1007,48,48
6,264,1015,52,52
1,580,241,298,298
2,217,983,34,34
3,675,1003,38,38
4,484,1008,48,48
5,263,1016,51,51
1,580,241,298,298
2,759,714,76,76
3,784,1021,28,28
4,673,1001,40,40
5,483,1007,48,48
6,261,1015,53,53
1,583,243,296,296
2,762,718,69,69
3,784,1022,27,27
4,672,1002,42,42
5,482,1009,48,48
6,259,1016,52,52
1,583,237,306,306
2,762,719,69,69
3,783,1022,27,27
4,669,1001,45,45
5,480,1009,49,49
6,258,1016,53,53
1,584,237,306,306
2,211,982,35,35
3,553,987,38,38
4,669,1000,46,46
5,479,1009,49,49
6,255,1017,52,52
7,153,1222,69,69
1,585,243,296,296
2,763,718,69,69
3,780,1023,27,27
4,552,985,38,38
5,668,1002,45,45
6,479,1010,49,49
7,253,1017,52,52
8,148,1222,72,72
1,581,243,297,297
2,763,718,69,69
3,780,1024,28,28
4,551,984,43,43
5,668,1001,45,45
6,477,1009,49,49
7,251,1017,53,53
8,148,1223,69,69
1,582,244,296,296
2,763,714,74,74
3,778,1024,28,28
4,551,984,41,41
5,667,1002,44,44
6,476,1009,49,49
7,249,1018,52,52
1,587,246,293,293
2,761,713,76,76
3,778,1024,28,28
4,207,984,37,37
5,550,982,43,43
6,666,1001,45,45
7,476,1009,48,48
8,248,1018,53,53
1,585,246,293,293
2,763,714,75,75
3,778,1025,28,28
4,207,984,36,36
5,550,981,44,44
6,664,1000,48,48
7,475,1009,48,48
8,246,1018,53,53
1,582,244,296,296
2,764,718,69,69
3,778,1025,28,28
4,204,984,37,37
5,664,1001,46,46
6,550,979,45,45
7,473,1007,49,49
8,243,1019,53,53
1,586,244,296,296
2,765,719,69,69
3,776,1025,29,29
4,203,984,38,38
5,663,1000,46,46
6,474,1007,46,46
7,242,1019,53,53
1,586,242,301,301
2,765,718,69,69
3,775,1025,30,30
4,201,984,37,37
5,550,979,44,44
6,662,999,46,46
7,472,1006,48,48
8,240,1020,53,53
1,588,247,290,290
2,765,718,69,69
3,776,1026,26,26
4,550,977,45,45
5,661,998,48,48
6,472,1006,48,48
7,238,1020,53,53
1,588,247,290,290
2,764,715,74,74
3,775,1026,28,28
4,550,977,45,45
5,661,998,46,46
6,471,1004,48,48
7,235,1020,53,53
1,588,250,287,287
2,763,713,76,76
3,774,1024,29,29
4,661,998,45,45
5,549,975,49,49
6,470,1004,49,49
7,233,1020,53,53
1,583,248,290,290
2,762,719,69,69
3,550,977,47,47
4,744,672,116,116
5,660,995,48,48
6,470,1003,48,48
7,772,1023,30,30
8,232,1020,53,53
1,589,250,288,288
2,763,714,74,74
3,326,1023,29,29
4,773,1024,28,28
5,660,997,45,45
6,549,975,49,49
7,470,1003,47,47
8,230,1019,53,53
1,587,248,290,290
2,763,715,74,74
3,772,1024,28,28
4,549,975,49,49
5,658,994,48,48
6,468,1001,49,49
7,225,1018,53,53
1,586,246,293,293
2,763,714,74,74
3,772,1024,26,26
4,659,995,47,47
5,549,975,50,50
6,467,1001,49,49
7,226,1017,53,53
1,582,248,290,290
2,763,715,73,73
3,661,995,44,44
4,548,975,49,49
5,467,1001,49,49
6,226,1016,53,53
1,579,244,296,296
2,322,1020,32,32
3,764,714,74,74
4,659,994,47,47
5,549,975,49,49
6,468,1002,49,49
7,224,1015,53,53
1,582,246,293,293
2,322,1018,30,30
3,765,714,75,75
4,548,975,50,50
5,658,993,49,49
6,468,1002,49,49
1,583,246,293,293
2,764,714,74,74
3,548,976,50,50
4,658,992,50,50
5,467,1002,49,49
1,584,248,288,288
2,765,715,74,74
3,548,978,47,47
4,659,993,49,49
5,467,1002,50,50
6,219,1012,53,53
1,585,250,286,286
2,548,977,50,50
3,659,992,50,50
4,353,999,49,49
5,466,1003,50,50
1,580,251,285,285
2,766,719,69,69
3,320,1018,30,30
4,704,1025,24,24
5,549,977,50,50
6,659,992,50,50
7,348,997,50,50
8,465,1004,50,50
1,586,249,288,288
2,548,978,50,50
3,659,993,49,49
4,466,1004,51,51
5,346,996,55,55
6,217,1011,53,53
1,592,253,282,282
2,723,1019,26,26
3,549,981,47,47
4,660,994,48,48
5,344,996,49,49
6,466,1005,50,50
7,212,1011,53,53
1,586,251,284,284
2,764,1019,29,29
3,550,981,46,46
4,342,996,49,49
5,660,992,51,51
6,466,1006,50,50
1,590,250,287,287
2,550,982,46,46
3,661,994,50,50
4,465,1006,50,50
5,339,993,53,53
6,205,1011,53,53
1,586,248,290,290
2,549,982,48,48
3,661,994,50,50
4,336,993,51,51
5,464,1007,50,50
6,203,1010,53,53
1,584,251,285,285
2,762,718,69,69
3,762,1019,28,28
4,317,1022,30,30
5,551,983,47,47
6,333,990,57,57
7,662,995,50,50
8,465,1007,50,50
9,201,1011,53,53
1,586,252,284,284
2,759,1019,29,29
3,549,982,49,49
4,333,991,52,52
5,663,995,49,49
6,466,1008,49,49
7,199,1011,53,53
8,177,1483,89,89
1,588,252,284,284
2,760,709,80,80
3,714,1016,27,27
4,317,1025,28,28
5,550,983,48,48
6,331,988,57,57
7,664,997,49,49
8,466,1008,50,50
9,196,1012,53,53
1,588,252,284,284
2,550,983,49,49
3,712,1015,27,27
4,758,1020,28,28
5,664,997,50,50
6,466,1008,50,50
7,327,986,58,58
8,195,1012,53,53
1,589,255,279,279
2,551,984,49,49
3,666,997,51,51
4,466,1008,50,50
5,192,1013,51,51
6,323,983,62,62
1,587,250,288,288
2,756,1020,29,29
3,16,1001,28,28
4,551,983,49,49
5,667,998,50,50
6,467,1008,51,51
7,322,984,61,61
8,191,1012,56,56
1,589,253,284,284
2,755,1021,28,28
3,14,1000,28,28
4,552,984,47,47
5,323,984,56,56
6,668,998,51,51
7,467,1007,50,50
1,592,253,280,280
2,754,1022,28,28
3,14,1000,27,27
4,551,982,49,49
5,320,982,58,58
6,668,999,50,50
7,467,1007,51,51
8,184,1013,58,58
1,588,254,279,279
2,765,718,69,69
3,753,1021,28,28
4,12,1000,28,28
5,317,981,57,57
6,552,982,51,51
7,670,999,49,49
8,467,1006,50,50
9,183,1013,58,58
1,588,250,286,286
2,551,980,51,51
3,315,980,58,58
4,671,998,51,51
5,468,1006,50,50
6,183,1017,53,53
1,593,251,284,284
2,766,718,69,69
3,151,970,50,50
4,751,1024,27,27
5,551,979,51,51
6,672,999,49,49
7,468,1005,51,51
8,314,980,58,58
9,179,1014,59,59
1,590,252,284,284
2,749,1023,29,29
3,8,998,29,29
4,552,979,50,50
5,674,999,50,50
6,467,1004,51,51
7,312,979,59,59
8,179,1015,59,59
1,590,254,282,282
2,747,1022,30,30
3,6,998,28,28
4,553,980,47,47
5,310,980,59,59
6,675,998,51,51
7,468,1004,50,50
8,176,1017,57,57
1,590,254,280,280
2,145,972,49,49
3,553,977,51,51
4,676,998,51,51
5,468,1002,51,51
6,308,979,60,60
7,175,1020,53,53
1,591,252,284,284
2,4,996,28,28
3,551,978,50,50
4,677,997,51,51
5,468,1002,51,51
6,306,980,59,59
7,172,1018,58,58
1,591,254,282,282
2,743,1025,28,28
3,3,995,28,28
4,552,978,48,48
5,679,997,51,51
6,468,1001,50,50
7,171,1018,59,59
8,304,980,59,59
1,591,254,282,282
2,741,1024,28,28
3,551,976,48,48
4,138,974,50,50
5,681,996,50,50
6,468,1000,51,51
7,301,980,61,61
8,165,1018,61,61
1,589,252,284,284
2,741,1024,26,26
3,136,977,47,47
4,551,975,50,50
5,299,981,58,58
6,681,995,50,50
7,468,1000,49,49
8,162,1018,59,59
1,593,252,282,282
2,762,711,78,78
3,551,976,48,48
4,682,994,51,51
5,467,999,51,51
6,297,980,62,62
7,158,1016,64,64
1,593,252,282,282
2,549,974,50,50
3,762,711,78,78
4,133,978,45,45
5,683,994,50,50
6,466,999,51,51
7,296,984,59,59
8,155,1018,62,62
1,514,96,86,86
2,592,250,288,288
3,549,973,51,51
4,684,993,50,50
5,466,999,50,50
6,293,982,62,62
7,152,1019,58,58
1,593,249,287,287
2,126,976,48,48
3,548,973,51,51
4,685,992,51,51
5,464,999,51,51
6,290,985,61,61
1,594,249,288,288
2,732,1021,30,30
3,124,976,47,47
4,548,973,51,51
5,685,991,51,51
6,465,999,51,51
7,289,985,60,60
1,590,247,293,293
2,732,1021,28,28
3,122,975,47,47
4,549,974,51,51
5,686,990,51,51
6,464,999,51,51
7,287,987,60,60
8,429,1142,66,66
1,592,243,296,296
2,425,1143,75,75
3,547,974,51,51
4,686,989,50,50
5,464,1000,50,50
6,283,986,63,63
7,141,1012,61,61
1,590,245,293,293
2,546,974,50,50
3,688,988,50,50
4,463,1001,50,50
5,281,986,62,62
6,425,1143,75,75
1,592,246,293,293
2,688,988,50,50
3,546,973,52,52
4,461,1000,51,51
5,280,990,61,61
1,589,242,296,296
2,112,970,47,47
3,543,974,52,52
4,688,987,50,50
5,461,1001,51,51
6,277,989,61,61
7,126,1007,67,67
1,583,239,302,302
2,110,972,45,45
3,544,974,52,52
4,689,987,50,50
5,459,1002,51,51
6,275,988,63,63
7,125,1008,64,64
1,584,241,298,298
2,688,986,51,51
3,459,1003,51,51
4,543,974,53,53
5,272,989,62,62
6,122,1008,64,64
1,587,239,298,298
2,105,969,47,47
3,690,987,51,51
4,457,1003,52,52
5,271,989,58,58
6,118,1008,64,64
1,582,241,298,298
2,689,987,51,51
3,456,1004,51,51
4,268,986,61,61
5,116,1008,64,64
1,580,236,306,306
2,690,987,51,51
3,455,1004,52,52
4,266,986,63,63
5,113,1007,65,65
1,584,238,302,302
2,99,968,45,45
3,352,997,47,47
4,691,988,51,51
5,454,1003,52,52
6,265,986,58,58
7,107,1006,66,66
1,578,238,304,304
2,691,989,50,50
3,453,1004,51,51
4,262,985,60,60
1,576,234,310,310
2,691,990,50,50
3,451,1003,52,52
4,260,984,61,61
1,582,236,307,307
2,692,991,50,50
3,451,1003,51,51
1,584,238,304,304
2,494,1015,33,33
3,692,992,50,50
4,449,1002,53,53
1,584,242,298,298
2,494,1014,37,37
3,693,993,50,50
4,448,1002,53,53
1,584,248,290,290
2,693,993,50,50
1,587,249,285,285
2,693,994,50,50
1,585,253,284,284
2,693,995,50,50
3,445,999,53,53
1,580,248,289,289
2,693,995,50,50
3,444,998,53,53
1,580,249,289,289
2,692,995,51,51
1,511,66,380,380
2,577,244,293,293
3,693,996,51,51
1,512,62,388,388
2,580,245,293,293
3,694,996,50,50
1,514,66,380,380
2,576,242,297,297
3,668,1011,26,26
4,693,995,50,50
1,511,66,380,380
2,586,254,277,277
3,693,995,51,51
1,511,66,380,380
2,581,254,285,285
3,160,750,151,151
4,493,435,559,559
5,693,995,51,51
1,502,66,380,380
2,572,246,297,297
3,694,994,51,51
1,511,70,380,380
2,574,247,293,293
3,770,716,69,69
4,224,979,58,58
1,511,70,380,380
2,574,247,293,293
3,772,715,69,69
1,504,63,393,393
2,570,241,302,302
3,772,716,69,69
4,213,981,61,61
1,510,65,388,388
2,563,230,318,318
3,209,981,63,63
1,563,230,318,318
2,771,715,69,69
3,205,980,68,68
4,25,1015,73,73
1,504,70,380,380
2,199,979,73,73
3,19,1014,72,72
1,197,979,72,72
2,14,1011,74,74
1,191,981,71,71
2,13,1012,72,72
1,520,87,348,348
2,188,980,71,71
3,325,994,57,57
4,11,1011,69,69
1,508,71,373,373
2,182,979,74,74
3,322,993,59,59
4,9,1010,68,68
1,505,66,380,380
2,322,992,59,59
3,7,1009,66,66
4,178,978,75,75
1,505,66,380,380
2,173,977,72,72
3,322,992,58,58
4,6,1004,72,72
1,506,62,388,388
2,438,997,51,51
3,399,1005,50,50
4,320,992,57,57
5,168,973,79,79
1,396,1004,53,53
2,165,973,75,75
3,320,991,59,59
4,436,998,55,55
1,504,62,388,388
2,161,973,71,71
3,396,1006,49,49
4,318,990,60,60
5,434,995,59,59
1,499,59,393,393
2,394,1007,49,49
3,156,970,75,75
4,319,990,59,59
5,436,995,59,59
1,499,59,393,393
2,436,995,58,58
3,391,1006,52,52
4,151,969,74,74
5,315,989,61,61
1,506,62,388,388
2,437,996,58,58
3,391,1009,48,48
4,315,990,60,60
5,146,966,78,78
1,506,62,388,388
2,437,995,59,59
3,387,1007,54,54
4,142,964,76,76
5,314,991,60,60
1,508,61,393,393
2,529,969,51,51
3,438,996,57,57
4,388,1008,51,51
5,138,964,76,76
6,314,991,60,60
1,512,66,380,380
2,387,1010,50,50
3,133,960,78,78
4,312,991,61,61
5,438,994,59,59
6,528,969,52,52
1,511,66,380,380
2,530,969,52,52
3,129,960,78,78
4,384,1010,51,51
5,439,994,58,58
6,311,991,61,61
1,512,62,388,388
2,528,970,53,53
3,383,1011,49,49
4,118,953,83,83
5,439,993,59,59
6,309,990,63,63
1,508,56,397,397
2,530,970,52,52
3,381,1011,50,50
4,439,992,60,60
5,309,992,61,61
1,508,56,397,397
2,529,970,53,53
3,379,1008,52,52
4,440,993,58,58
5,307,992,63,63
1,528,971,53,53
2,441,992,57,57
3,377,1008,53,53
4,305,992,64,64
1,513,62,380,380
2,529,970,56,56
3,377,1009,50,50
4,441,991,58,58
5,308,996,60,60
1,518,69,373,373
2,590,228,309,309
3,529,970,57,57
4,375,1007,51,51
5,440,991,59,59
6,306,996,61,61
1,9,959,48,48
2,372,1005,55,55
3,531,970,57,57
4,440,990,58,58
5,306,997,61,61
1,639,1006,29,29
2,531,970,54,54
3,6,961,53,53
4,441,989,58,58
5,371,1005,54,54
6,301,996,63,63
1,638,1005,30,30
2,3,961,51,51
3,531,970,55,55
4,370,1005,52,52
5,439,989,59,59
1,2,962,53,53
2,533,970,53,53
3,370,1004,51,51
4,439,989,59,59
1,637,1006,29,29
2,367,1002,54,54
3,533,969,55,55
4,439,989,58,58
5,80,957,79,79
1,638,1006,29,29
2,674,1018,31,31
3,533,967,57,57
4,75,960,80,80
5,368,1002,51,51
6,728,985,53,53
7,438,989,59,59
1,637,1007,28,28
2,534,967,56,56
3,727,982,55,55
4,437,989,58,58
5,72,961,80,80
1,636,1007,28,28
2,534,965,56,56
3,67,963,79,79
4,727,979,57,57
5,436,989,60,60
1,636,1006,30,30
2,535,965,56,56
3,668,1015,34,34
4,61,963,82,82
5,728,979,58,58
6,435,989,60,60
1,667,1016,32,32
2,535,961,59,59
3,59,964,81,81
4,728,977,58,58
1,634,1006,32,32
2,534,961,59,59
3,666,1015,34,34
4,729,976,58,58
5,52,965,83,83
1,534,959,60,60
2,663,1013,36,36
3,730,974,59,59
4,47,964,83,83
1,535,959,59,59
2,662,1012,35,35
3,731,974,57,57
4,43,964,84,84
1,631,1007,32,32
2,662,1013,33,33
3,535,957,60,60
4,731,972,58,58
5,35,964,89,89
1,631,1008,31,31
2,660,1011,35,35
3,731,970,59,59
4,534,956,61,61
1,612,247,280,280
2,532,955,60,60
3,732,970,59,59
4,658,1010,37,37
1,660,1010,33,33
2,733,970,58,58
3,281,979,67,67
1,658,1009,35,35
2,734,970,57,57
3,279,977,68,68
1,611,243,284,284
2,658,1008,34,34
3,733,969,59,59
4,278,977,68,68
1,612,238,288,288
2,734,969,59,59
3,356,1006,51,51
4,277,976,68,68
1,603,229,303,303
2,657,1008,33,33
3,735,969,58,58
4,355,1006,52,52
5,279,976,67,67
1,592,226,328,328
2,656,1007,34,34
3,735,970,58,58
4,354,1007,52,52
5,276,975,68,68
1,655,1006,36,36
2,734,970,59,59
3,353,1008,51,51
4,278,977,65,65
5,414,991,61,61
1,590,218,338,338
2,656,1006,34,34
3,735,970,59,59
4,352,1008,52,52
5,274,976,67,67
6,413,990,60,60
1,655,1005,34,34
2,734,970,60,60
3,273,976,70,70
4,412,990,59,59
5,352,1008,53,53
1,796,708,69,69
2,735,972,59,59
3,272,976,69,69
4,412,989,58,58
5,350,1009,53,53
1,797,708,69,69
2,735,972,60,60
3,271,978,68,68
4,409,988,59,59
5,350,1008,53,53
1,797,708,69,69
2,118,959,50,50
3,350,1009,52,52
4,735,974,59,59
5,407,987,60,60
6,267,976,74,74
1,115,958,50,50
2,348,1008,51,51
3,735,974,60,60
4,268,978,70,70
5,406,987,60,60
1,543,60,380,380
2,734,975,59,59
3,534,950,53,53
4,112,958,51,51
5,404,986,60,60
6,347,1006,53,53
7,266,981,69,69
1,631,253,264,264
2,111,958,49,49
3,532,949,60,60
4,734,975,59,59
5,403,984,60,60
6,262,979,74,74
7,346,1006,53,53
1,597,219,346,346
2,527,56,388,388
3,109,958,49,49
4,346,1006,51,51
5,733,976,61,61
6,531,949,61,61
7,400,984,61,61
8,262,981,73,73
1,590,222,341,341
2,107,956,50,50
3,530,949,63,63
4,733,977,60,60
5,400,985,60,60
6,343,1005,53,53
7,264,984,70,70
1,587,231,322,322
2,104,957,51,51
3,529,949,63,63
4,342,1005,52,52
5,732,976,60,60
6,397,983,62,62
7,259,983,75,75
1,731,975,61,61
2,396,984,61,61
3,257,984,75,75
4,341,1003,53,53
5,103,958,49,49
6,529,949,64,64
1,510,54,397,397
2,639,259,255,255
3,101,959,48,48
4,527,951,62,62
5,339,1003,51,51
6,733,975,59,59
7,395,985,61,61
8,257,985,75,75
1,633,258,255,255
2,99,958,49,49
3,337,1002,52,52
4,732,976,58,58
5,391,983,64,64
6,526,950,63,63
7,254,985,78,78
1,618,239,296,296
2,96,958,52,52
3,525,952,62,62
4,336,1001,52,52
5,731,976,57,57
6,392,984,62,62
7,256,987,73,73
1,607,236,310,310
2,93,958,51,51
3,389,984,63,63
4,524,952,63,63
5,334,1000,53,53
6,255,986,75,75
1,638,259,255,255
2,92,960,50,50
3,332,1000,52,52
4,521,952,62,62
5,386,985,64,64
6,252,986,74,74
1,508,36,430,430
2,597,228,326,326
3,91,961,50,50
4,520,952,64,64
5,151,986,47,47
6,384,984,67,67
7,329,999,54,54
8,250,983,77,77
1,612,230,326,326
2,91,963,47,47
3,149,984,50,50
4,518,951,64,64
5,381,984,69,69
6,327,997,55,55
7,251,982,77,77
1,147,982,50,50
2,515,951,64,64
3,380,986,66,66
4,251,982,76,76
5,324,997,57,57
1,577,221,339,339
2,512,949,66,66
3,610,1001,33,33
4,145,982,49,49
5,379,986,65,65
6,322,996,57,57
7,246,978,81,81
1,538,49,388,388
2,613,230,299,299
3,84,965,48,48
4,512,949,65,65
5,143,981,51,51
6,376,986,66,66
7,320,998,55,55
8,247,978,79,79
1,609,226,306,306
2,805,699,83,83
3,509,948,64,64
4,141,981,51,51
5,374,985,70,70
6,319,999,55,55
7,246,976,79,79
1,619,231,297,297
2,77,964,51,51
3,506,946,66,66
4,139,980,51,51
5,806,700,82,82
6,372,987,68,68
7,314,998,57,57
8,245,975,79,79
1,621,233,293,293
2,789,635,116,116
3,505,946,64,64
4,138,980,51,51
5,313,999,56,56
6,74,963,53,53
7,369,986,70,70
8,244,973,80,80
1,624,235,293,293
2,807,699,79,79
3,74,965,50,50
4,503,947,62,62
5,136,980,50,50
6,367,986,71,71
7,311,1001,56,56
8,245,973,77,77
1,625,235,297,297
2,70,964,51,51
3,499,944,68,68
4,132,979,53,53
5,364,985,72,72
6,308,1002,55,55
7,242,972,78,78
1,625,230,302,302
2,68,963,52,52
3,496,942,69,69
4,646,1008,35,35
5,128,980,52,52
6,362,985,72,72
7,307,1005,53,53
8,241,972,77,77
1,809,703,74,74
2,64,963,52,52
3,128,981,51,51
4,360,985,73,73
5,304,1005,53,53
6,495,942,66,66
7,241,971,78,78
1,629,251,270,270
2,811,701,77,77
3,493,941,67,67
4,61,962,53,53
5,125,982,50,50
6,644,1006,35,35
7,359,985,71,71
8,301,1006,53,53
9,241,971,74,74
